indicator_code,indicator_name,country,countryiso3code,year,value,unit,obs_status,decimal
FP.CPI.TOTL.ZG,"Inflation, consumer prices (annual %)",United Arab Emirates,ARE,2025,1.250865245598,,,1
FP.CPI.TOTL.ZG,"Inflation, consumer prices (annual %)",United Arab Emirates,ARE,2024,1.66336510224894,,,1
FP.CPI.TOTL.ZG,"Inflation, consumer prices (annual %)",United Arab Emirates,ARE,2023,1.62670837213248,,,1
FP.CPI.TOTL.ZG,"Inflation, consumer prices (annual %)",United Arab Emirates,ARE,2022,5.29122604376849,,,1
FP.CPI.TOTL.ZG,"Inflation, consumer prices (annual %)",United Arab Emirates,ARE,2021,0.179935336174431,,,1
FP.CPI.TOTL.ZG,"Inflation, consumer prices (annual %)",United Arab Emirates,ARE,2020,-2.07940317940944,,,1
FP.CPI.TOTL.ZG,"Inflation, consumer prices (annual %)",United Arab Emirates,ARE,2019,-1.93108114782173,,,1
FP.CPI.TOTL.ZG,"Inflation, consumer prices (annual %)",United Arab Emirates,ARE,2018,3.06863379251997,,,1
FP.CPI.TOTL.ZG,"Inflation, consumer prices (annual %)",United Arab Emirates,ARE,2017,1.96682557818842,,,1
FP.CPI.TOTL.ZG,"Inflation, consumer prices (annual %)",United Arab Emirates,ARE,2016,1.61748808904198,,,1
FP.CPI.TOTL.ZG,"Inflation, consumer prices (annual %)",United Arab Emirates,ARE,2015,4.06996608361593,,,1
FP.CPI.TOTL.ZG,"Inflation, consumer prices (annual %)",United Arab Emirates,ARE,2014,2.34626865671643,,,1
FP.CPI.TOTL.ZG,"Inflation, consumer prices (annual %)",United Arab Emirates,ARE,2013,1.1011183637571,,,1
FP.CPI.TOTL.ZG,"Inflation, consumer prices (annual %)",United Arab Emirates,ARE,2012,0.662268900269009,,,1
FP.CPI.TOTL.ZG,"Inflation, consumer prices (annual %)",United Arab Emirates,ARE,2011,0.87734659568512,,,1
FP.CPI.TOTL.ZG,"Inflation, consumer prices (annual %)",United Arab Emirates,ARE,2010,0.877983288285867,,,1
FP.CPI.TOTL.ZG,"Inflation, consumer prices (annual %)",United Arab Emirates,ARE,2009,1.5618131744907,,,1
FP.CPI.TOTL.ZG,"Inflation, consumer prices (annual %)",United Arab Emirates,ARE,2008,12.2504202448139,,,1
FP.CPI.TOTL.ZG,"Inflation, consumer prices (annual %)",United Arab Emirates,ARE,2007,,,,1
FP.CPI.TOTL.ZG,"Inflation, consumer prices (annual %)",United Arab Emirates,ARE,2006,,,,1
FP.CPI.TOTL.ZG,"Inflation, consumer prices (annual %)",United Arab Emirates,ARE,2005,,,,1
FP.CPI.TOTL.ZG,"Inflation, consumer prices (annual %)",United Arab Emirates,ARE,2004,,,,1
FP.CPI.TOTL.ZG,"Inflation, consumer prices (annual %)",United Arab Emirates,ARE,2003,,,,1
FP.CPI.TOTL.ZG,"Inflation, consumer prices (annual %)",United Arab Emirates,ARE,2002,,,,1
FP.CPI.TOTL.ZG,"Inflation, consumer prices (annual %)",United Arab Emirates,ARE,2001,,,,1
FP.CPI.TOTL.ZG,"Inflation, consumer prices (annual %)",United Arab Emirates,ARE,2000,,,,1
FP.CPI.TOTL.ZG,"Inflation, consumer prices (annual %)",Australia,AUS,2025,2.87403791660173,,,1
FP.CPI.TOTL.ZG,"Inflation, consumer prices (annual %)",Australia,AUS,2024,3.16656665428797,,,1
FP.CPI.TOTL.ZG,"Inflation, consumer prices (annual %)",Australia,AUS,2023,5.59701792296707,,,1
FP.CPI.TOTL.ZG,"Inflation, consumer prices (annual %)",Australia,AUS,2022,6.59409658717841,,,1
FP.CPI.TOTL.ZG,"Inflation, consumer prices (annual %)",Australia,AUS,2021,2.86391284709318,,,1
FP.CPI.TOTL.ZG,"Inflation, consumer prices (annual %)",Australia,AUS,2020,0.846900734607273,,,1
FP.CPI.TOTL.ZG,"Inflation, consumer prices (annual %)",Australia,AUS,2019,1.610770929127,,,1
FP.CPI.TOTL.ZG,"Inflation, consumer prices (annual %)",Australia,AUS,2018,1.91140002818579,,,1
FP.CPI.TOTL.ZG,"Inflation, consumer prices (annual %)",Australia,AUS,2017,1.94864309065653,,,1
FP.CPI.TOTL.ZG,"Inflation, consumer prices (annual %)",Australia,AUS,2016,1.27699365720306,,,1
FP.CPI.TOTL.ZG,"Inflation, consumer prices (annual %)",Australia,AUS,2015,1.50836803138463,,,1
FP.CPI.TOTL.ZG,"Inflation, consumer prices (annual %)",Australia,AUS,2014,2.48792932080492,,,1
FP.CPI.TOTL.ZG,"Inflation, consumer prices (annual %)",Australia,AUS,2013,2.44988248109259,,,1
FP.CPI.TOTL.ZG,"Inflation, consumer prices (annual %)",Australia,AUS,2012,1.76278299052228,,,1
FP.CPI.TOTL.ZG,"Inflation, consumer prices (annual %)",Australia,AUS,2011,3.30384784681081,,,1
FP.CPI.TOTL.ZG,"Inflation, consumer prices (annual %)",Australia,AUS,2010,2.9183370211222,,,1
FP.CPI.TOTL.ZG,"Inflation, consumer prices (annual %)",Australia,AUS,2009,1.77112025681656,,,1
FP.CPI.TOTL.ZG,"Inflation, consumer prices (annual %)",Australia,AUS,2008,4.35029726664093,,,1
FP.CPI.TOTL.ZG,"Inflation, consumer prices (annual %)",Australia,AUS,2007,2.32761442623159,,,1
FP.CPI.TOTL.ZG,"Inflation, consumer prices (annual %)",Australia,AUS,2006,3.55528696972984,,,1
FP.CPI.TOTL.ZG,"Inflation, consumer prices (annual %)",Australia,AUS,2005,2.69182949622197,,,1
FP.CPI.TOTL.ZG,"Inflation, consumer prices (annual %)",Australia,AUS,2004,2.34325687131265,,,1
FP.CPI.TOTL.ZG,"Inflation, consumer prices (annual %)",Australia,AUS,2003,2.73259754838937,,,1
FP.CPI.TOTL.ZG,"Inflation, consumer prices (annual %)",Australia,AUS,2002,2.98157117047457,,,1
FP.CPI.TOTL.ZG,"Inflation, consumer prices (annual %)",Australia,AUS,2001,4.40712998561533,,,1
FP.CPI.TOTL.ZG,"Inflation, consumer prices (annual %)",Australia,AUS,2000,4.45743705920869,,,1
FP.CPI.TOTL.ZG,"Inflation, consumer prices (annual %)",Brazil,BRA,2025,5.01675279604836,,,1
FP.CPI.TOTL.ZG,"Inflation, consumer prices (annual %)",Brazil,BRA,2024,4.36746407652337,,,1
FP.CPI.TOTL.ZG,"Inflation, consumer prices (annual %)",Brazil,BRA,2023,4.59356282283204,,,1
FP.CPI.TOTL.ZG,"Inflation, consumer prices (annual %)",Brazil,BRA,2022,9.28010608956873,,,1
FP.CPI.TOTL.ZG,"Inflation, consumer prices (annual %)",Brazil,BRA,2021,8.30165975585673,,,1
FP.CPI.TOTL.ZG,"Inflation, consumer prices (annual %)",Brazil,BRA,2020,3.21176803803376,,,1
FP.CPI.TOTL.ZG,"Inflation, consumer prices (annual %)",Brazil,BRA,2019,3.73297621216894,,,1
FP.CPI.TOTL.ZG,"Inflation, consumer prices (annual %)",Brazil,BRA,2018,3.66485028376729,,,1
FP.CPI.TOTL.ZG,"Inflation, consumer prices (annual %)",Brazil,BRA,2017,3.44637335032669,,,1
FP.CPI.TOTL.ZG,"Inflation, consumer prices (annual %)",Brazil,BRA,2016,8.73914352329393,,,1
FP.CPI.TOTL.ZG,"Inflation, consumer prices (annual %)",Brazil,BRA,2015,9.02990102416136,,,1
FP.CPI.TOTL.ZG,"Inflation, consumer prices (annual %)",Brazil,BRA,2014,6.32904015516139,,,1
FP.CPI.TOTL.ZG,"Inflation, consumer prices (annual %)",Brazil,BRA,2013,6.20431066640101,,,1
FP.CPI.TOTL.ZG,"Inflation, consumer prices (annual %)",Brazil,BRA,2012,5.40349914036997,,,1
FP.CPI.TOTL.ZG,"Inflation, consumer prices (annual %)",Brazil,BRA,2011,6.6364496221309,,,1
FP.CPI.TOTL.ZG,"Inflation, consumer prices (annual %)",Brazil,BRA,2010,5.03872690108075,,,1
FP.CPI.TOTL.ZG,"Inflation, consumer prices (annual %)",Brazil,BRA,2009,4.88803479876799,,,1
FP.CPI.TOTL.ZG,"Inflation, consumer prices (annual %)",Brazil,BRA,2008,5.67859390284168,,,1
FP.CPI.TOTL.ZG,"Inflation, consumer prices (annual %)",Brazil,BRA,2007,3.64127299102652,,,1
FP.CPI.TOTL.ZG,"Inflation, consumer prices (annual %)",Brazil,BRA,2006,4.18356812896909,,,1
FP.CPI.TOTL.ZG,"Inflation, consumer prices (annual %)",Brazil,BRA,2005,6.86953720898964,,,1
FP.CPI.TOTL.ZG,"Inflation, consumer prices (annual %)",Brazil,BRA,2004,6.59718509985963,,,1
FP.CPI.TOTL.ZG,"Inflation, consumer prices (annual %)",Brazil,BRA,2003,14.7149197228147,,,1
FP.CPI.TOTL.ZG,"Inflation, consumer prices (annual %)",Brazil,BRA,2002,8.45016437708331,,,1
FP.CPI.TOTL.ZG,"Inflation, consumer prices (annual %)",Brazil,BRA,2001,6.84035902487523,,,1
FP.CPI.TOTL.ZG,"Inflation, consumer prices (annual %)",Brazil,BRA,2000,7.04414105947266,,,1
FP.CPI.TOTL.ZG,"Inflation, consumer prices (annual %)",Canada,CAN,2025,2.07232411149103,,,1
FP.CPI.TOTL.ZG,"Inflation, consumer prices (annual %)",Canada,CAN,2024,2.38158383281173,,,1
FP.CPI.TOTL.ZG,"Inflation, consumer prices (annual %)",Canada,CAN,2023,3.87900159788426,,,1
FP.CPI.TOTL.ZG,"Inflation, consumer prices (annual %)",Canada,CAN,2022,6.80280115341613,,,1
FP.CPI.TOTL.ZG,"Inflation, consumer prices (annual %)",Canada,CAN,2021,3.39519318527528,,,1
FP.CPI.TOTL.ZG,"Inflation, consumer prices (annual %)",Canada,CAN,2020,0.716999632307827,,,1
FP.CPI.TOTL.ZG,"Inflation, consumer prices (annual %)",Canada,CAN,2019,1.94926902411593,,,1
FP.CPI.TOTL.ZG,"Inflation, consumer prices (annual %)",Canada,CAN,2018,2.26822567248103,,,1
FP.CPI.TOTL.ZG,"Inflation, consumer prices (annual %)",Canada,CAN,2017,1.59688412852977,,,1
FP.CPI.TOTL.ZG,"Inflation, consumer prices (annual %)",Canada,CAN,2016,1.42875954701085,,,1
FP.CPI.TOTL.ZG,"Inflation, consumer prices (annual %)",Canada,CAN,2015,1.12524136094277,,,1
FP.CPI.TOTL.ZG,"Inflation, consumer prices (annual %)",Canada,CAN,2014,1.90663590717861,,,1
FP.CPI.TOTL.ZG,"Inflation, consumer prices (annual %)",Canada,CAN,2013,0.938291897815317,,,1
FP.CPI.TOTL.ZG,"Inflation, consumer prices (annual %)",Canada,CAN,2012,1.51567823124517,,,1
FP.CPI.TOTL.ZG,"Inflation, consumer prices (annual %)",Canada,CAN,2011,2.91213508872351,,,1
FP.CPI.TOTL.ZG,"Inflation, consumer prices (annual %)",Canada,CAN,2010,1.77687154092627,,,1
FP.CPI.TOTL.ZG,"Inflation, consumer prices (annual %)",Canada,CAN,2009,0.299466803009299,,,1
FP.CPI.TOTL.ZG,"Inflation, consumer prices (annual %)",Canada,CAN,2008,2.37027067444299,,,1
FP.CPI.TOTL.ZG,"Inflation, consumer prices (annual %)",Canada,CAN,2007,2.13838399266837,,,1
FP.CPI.TOTL.ZG,"Inflation, consumer prices (annual %)",Canada,CAN,2006,2.00202539534161,,,1
FP.CPI.TOTL.ZG,"Inflation, consumer prices (annual %)",Canada,CAN,2005,2.21355203439767,,,1
FP.CPI.TOTL.ZG,"Inflation, consumer prices (annual %)",Canada,CAN,2004,1.85725871857256,,,1
FP.CPI.TOTL.ZG,"Inflation, consumer prices (annual %)",Canada,CAN,2003,2.75856321360112,,,1
FP.CPI.TOTL.ZG,"Inflation, consumer prices (annual %)",Canada,CAN,2002,2.25839440940855,,,1
FP.CPI.TOTL.ZG,"Inflation, consumer prices (annual %)",Canada,CAN,2001,2.52512013979906,,,1
FP.CPI.TOTL.ZG,"Inflation, consumer prices (annual %)",Canada,CAN,2000,2.71943995691976,,,1
FP.CPI.TOTL.ZG,"Inflation, consumer prices (annual %)",China,CHN,2025,0.0595646916565403,,,1
FP.CPI.TOTL.ZG,"Inflation, consumer prices (annual %)",China,CHN,2024,0.218128938439177,,,1
FP.CPI.TOTL.ZG,"Inflation, consumer prices (annual %)",China,CHN,2023,0.234836828893051,,,1
FP.CPI.TOTL.ZG,"Inflation, consumer prices (annual %)",China,CHN,2022,1.97357555739051,,,1
FP.CPI.TOTL.ZG,"Inflation, consumer prices (annual %)",China,CHN,2021,0.981015135544882,,,1
FP.CPI.TOTL.ZG,"Inflation, consumer prices (annual %)",China,CHN,2020,2.41942189457782,,,1
FP.CPI.TOTL.ZG,"Inflation, consumer prices (annual %)",China,CHN,2019,2.89923416358227,,,1
FP.CPI.TOTL.ZG,"Inflation, consumer prices (annual %)",China,CHN,2018,2.07479039965576,,,1
FP.CPI.TOTL.ZG,"Inflation, consumer prices (annual %)",China,CHN,2017,1.59313600071436,,,1
FP.CPI.TOTL.ZG,"Inflation, consumer prices (annual %)",China,CHN,2016,2.00000182191943,,,1
FP.CPI.TOTL.ZG,"Inflation, consumer prices (annual %)",China,CHN,2015,1.43702380935655,,,1
FP.CPI.TOTL.ZG,"Inflation, consumer prices (annual %)",China,CHN,2014,1.92164162788521,,,1
FP.CPI.TOTL.ZG,"Inflation, consumer prices (annual %)",China,CHN,2013,2.62105001748115,,,1
FP.CPI.TOTL.ZG,"Inflation, consumer prices (annual %)",China,CHN,2012,2.61952432645541,,,1
FP.CPI.TOTL.ZG,"Inflation, consumer prices (annual %)",China,CHN,2011,5.55389892257493,,,1
FP.CPI.TOTL.ZG,"Inflation, consumer prices (annual %)",China,CHN,2010,3.17532475269199,,,1
FP.CPI.TOTL.ZG,"Inflation, consumer prices (annual %)",China,CHN,2009,-0.728165250932898,,,1
FP.CPI.TOTL.ZG,"Inflation, consumer prices (annual %)",China,CHN,2008,5.92525137041092,,,1
FP.CPI.TOTL.ZG,"Inflation, consumer prices (annual %)",China,CHN,2007,4.81676767378834,,,1
FP.CPI.TOTL.ZG,"Inflation, consumer prices (annual %)",China,CHN,2006,1.6494309945586,,,1
FP.CPI.TOTL.ZG,"Inflation, consumer prices (annual %)",China,CHN,2005,1.77641407667571,,,1
FP.CPI.TOTL.ZG,"Inflation, consumer prices (annual %)",China,CHN,2004,3.82463743108159,,,1
FP.CPI.TOTL.ZG,"Inflation, consumer prices (annual %)",China,CHN,2003,1.12760348729637,,,1
FP.CPI.TOTL.ZG,"Inflation, consumer prices (annual %)",China,CHN,2002,-0.731970902350244,,,1
FP.CPI.TOTL.ZG,"Inflation, consumer prices (annual %)",China,CHN,2001,0.719125609120114,,,1
FP.CPI.TOTL.ZG,"Inflation, consumer prices (annual %)",China,CHN,2000,0.347811226864587,,,1
FP.CPI.TOTL.ZG,"Inflation, consumer prices (annual %)",Germany,DEU,2025,2.17178770949721,,,1
FP.CPI.TOTL.ZG,"Inflation, consumer prices (annual %)",Germany,DEU,2024,2.2564981433876,,,1
FP.CPI.TOTL.ZG,"Inflation, consumer prices (annual %)",Germany,DEU,2023,5.94643667725823,,,1
FP.CPI.TOTL.ZG,"Inflation, consumer prices (annual %)",Germany,DEU,2022,6.87257438551097,,,1
FP.CPI.TOTL.ZG,"Inflation, consumer prices (annual %)",Germany,DEU,2021,3.06666666666673,,,1
FP.CPI.TOTL.ZG,"Inflation, consumer prices (annual %)",Germany,DEU,2020,0.144877925813982,,,1
FP.CPI.TOTL.ZG,"Inflation, consumer prices (annual %)",Germany,DEU,2019,1.44565976888253,,,1
FP.CPI.TOTL.ZG,"Inflation, consumer prices (annual %)",Germany,DEU,2018,1.73216879766942,,,1
FP.CPI.TOTL.ZG,"Inflation, consumer prices (annual %)",Germany,DEU,2017,1.50949485109628,,,1
FP.CPI.TOTL.ZG,"Inflation, consumer prices (annual %)",Germany,DEU,2016,0.491747008445174,,,1
FP.CPI.TOTL.ZG,"Inflation, consumer prices (annual %)",Germany,DEU,2015,0.514426137125456,,,1
FP.CPI.TOTL.ZG,"Inflation, consumer prices (annual %)",Germany,DEU,2014,0.906794000434246,,,1
FP.CPI.TOTL.ZG,"Inflation, consumer prices (annual %)",Germany,DEU,2013,1.50472330251876,,,1
FP.CPI.TOTL.ZG,"Inflation, consumer prices (annual %)",Germany,DEU,2012,2.00848884782956,,,1
FP.CPI.TOTL.ZG,"Inflation, consumer prices (annual %)",Germany,DEU,2011,2.07517283735874,,,1
FP.CPI.TOTL.ZG,"Inflation, consumer prices (annual %)",Germany,DEU,2010,1.1038103778926,,,1
FP.CPI.TOTL.ZG,"Inflation, consumer prices (annual %)",Germany,DEU,2009,0.312739007368447,,,1
FP.CPI.TOTL.ZG,"Inflation, consumer prices (annual %)",Germany,DEU,2008,2.62837981637219,,,1
FP.CPI.TOTL.ZG,"Inflation, consumer prices (annual %)",Germany,DEU,2007,2.29834400700951,,,1
FP.CPI.TOTL.ZG,"Inflation, consumer prices (annual %)",Germany,DEU,2006,1.57742642840563,,,1
FP.CPI.TOTL.ZG,"Inflation, consumer prices (annual %)",Germany,DEU,2005,1.54691114751328,,,1
FP.CPI.TOTL.ZG,"Inflation, consumer prices (annual %)",Germany,DEU,2004,1.66573696655992,,,1
FP.CPI.TOTL.ZG,"Inflation, consumer prices (annual %)",Germany,DEU,2003,1.03422218628562,,,1
FP.CPI.TOTL.ZG,"Inflation, consumer prices (annual %)",Germany,DEU,2002,1.42080615551526,,,1
FP.CPI.TOTL.ZG,"Inflation, consumer prices (annual %)",Germany,DEU,2001,1.98385731334471,,,1
FP.CPI.TOTL.ZG,"Inflation, consumer prices (annual %)",Germany,DEU,2000,1.44026838719741,,,1
FP.CPI.TOTL.ZG,"Inflation, consumer prices (annual %)",France,FRA,2025,0.943770212469976,,,1
FP.CPI.TOTL.ZG,"Inflation, consumer prices (annual %)",France,FRA,2024,1.99904942291463,,,1
FP.CPI.TOTL.ZG,"Inflation, consumer prices (annual %)",France,FRA,2023,4.8783572650844,,,1
FP.CPI.TOTL.ZG,"Inflation, consumer prices (annual %)",France,FRA,2022,5.22236748369725,,,1
FP.CPI.TOTL.ZG,"Inflation, consumer prices (annual %)",France,FRA,2021,1.64233141038394,,,1
FP.CPI.TOTL.ZG,"Inflation, consumer prices (annual %)",France,FRA,2020,0.476498852725065,,,1
FP.CPI.TOTL.ZG,"Inflation, consumer prices (annual %)",France,FRA,2019,1.10825492288294,,,1
FP.CPI.TOTL.ZG,"Inflation, consumer prices (annual %)",France,FRA,2018,1.85081508315493,,,1
FP.CPI.TOTL.ZG,"Inflation, consumer prices (annual %)",France,FRA,2017,1.03228275064681,,,1
FP.CPI.TOTL.ZG,"Inflation, consumer prices (annual %)",France,FRA,2016,0.183334861123765,,,1
FP.CPI.TOTL.ZG,"Inflation, consumer prices (annual %)",France,FRA,2015,0.0375143805125182,,,1
FP.CPI.TOTL.ZG,"Inflation, consumer prices (annual %)",France,FRA,2014,0.50775882293799,,,1
FP.CPI.TOTL.ZG,"Inflation, consumer prices (annual %)",France,FRA,2013,0.863715497861804,,,1
FP.CPI.TOTL.ZG,"Inflation, consumer prices (annual %)",France,FRA,2012,1.9541953161351,,,1
FP.CPI.TOTL.ZG,"Inflation, consumer prices (annual %)",France,FRA,2011,2.11159795175,,,1
FP.CPI.TOTL.ZG,"Inflation, consumer prices (annual %)",France,FRA,2010,1.53112270420919,,,1
FP.CPI.TOTL.ZG,"Inflation, consumer prices (annual %)",France,FRA,2009,0.0876204781574653,,,1
FP.CPI.TOTL.ZG,"Inflation, consumer prices (annual %)",France,FRA,2008,2.81286194914785,,,1
FP.CPI.TOTL.ZG,"Inflation, consumer prices (annual %)",France,FRA,2007,1.4879980595386,,,1
FP.CPI.TOTL.ZG,"Inflation, consumer prices (annual %)",France,FRA,2006,1.67512449608726,,,1
FP.CPI.TOTL.ZG,"Inflation, consumer prices (annual %)",France,FRA,2005,1.74586936380487,,,1
FP.CPI.TOTL.ZG,"Inflation, consumer prices (annual %)",France,FRA,2004,2.14208964640239,,,1
FP.CPI.TOTL.ZG,"Inflation, consumer prices (annual %)",France,FRA,2003,2.09847219146919,,,1
FP.CPI.TOTL.ZG,"Inflation, consumer prices (annual %)",France,FRA,2002,1.92341228727064,,,1
FP.CPI.TOTL.ZG,"Inflation, consumer prices (annual %)",France,FRA,2001,1.63478079549599,,,1
FP.CPI.TOTL.ZG,"Inflation, consumer prices (annual %)",France,FRA,2000,1.67595988720928,,,1
FP.CPI.TOTL.ZG,"Inflation, consumer prices (annual %)",United Kingdom,GBR,2025,3.88306881626,,,1
FP.CPI.TOTL.ZG,"Inflation, consumer prices (annual %)",United Kingdom,GBR,2024,3.2715729463592,,,1
FP.CPI.TOTL.ZG,"Inflation, consumer prices (annual %)",United Kingdom,GBR,2023,6.79396706793963,,,1
FP.CPI.TOTL.ZG,"Inflation, consumer prices (annual %)",United Kingdom,GBR,2022,7.92204883147902,,,1
FP.CPI.TOTL.ZG,"Inflation, consumer prices (annual %)",United Kingdom,GBR,2021,2.51837109614213,,,1
FP.CPI.TOTL.ZG,"Inflation, consumer prices (annual %)",United Kingdom,GBR,2020,0.989486703772491,,,1
FP.CPI.TOTL.ZG,"Inflation, consumer prices (annual %)",United Kingdom,GBR,2019,1.73810460086513,,,1
FP.CPI.TOTL.ZG,"Inflation, consumer prices (annual %)",United Kingdom,GBR,2018,2.29283990345938,,,1
FP.CPI.TOTL.ZG,"Inflation, consumer prices (annual %)",United Kingdom,GBR,2017,2.55775577557747,,,1
FP.CPI.TOTL.ZG,"Inflation, consumer prices (annual %)",United Kingdom,GBR,2016,1.0084173681141,,,1
FP.CPI.TOTL.ZG,"Inflation, consumer prices (annual %)",United Kingdom,GBR,2015,0.36804684232536,,,1
FP.CPI.TOTL.ZG,"Inflation, consumer prices (annual %)",United Kingdom,GBR,2014,1.45112016293279,,,1
FP.CPI.TOTL.ZG,"Inflation, consumer prices (annual %)",United Kingdom,GBR,2013,2.29166666666659,,,1
FP.CPI.TOTL.ZG,"Inflation, consumer prices (annual %)",United Kingdom,GBR,2012,2.5732347965453,,,1
FP.CPI.TOTL.ZG,"Inflation, consumer prices (annual %)",United Kingdom,GBR,2011,3.8561124468282,,,1
FP.CPI.TOTL.ZG,"Inflation, consumer prices (annual %)",United Kingdom,GBR,2010,2.49265472467065,,,1
FP.CPI.TOTL.ZG,"Inflation, consumer prices (annual %)",United Kingdom,GBR,2009,1.96173173560109,,,1
FP.CPI.TOTL.ZG,"Inflation, consumer prices (annual %)",United Kingdom,GBR,2008,3.52140856342539,,,1
FP.CPI.TOTL.ZG,"Inflation, consumer prices (annual %)",United Kingdom,GBR,2007,2.38656150773327,,,1
FP.CPI.TOTL.ZG,"Inflation, consumer prices (annual %)",United Kingdom,GBR,2006,2.4556616643929,,,1
FP.CPI.TOTL.ZG,"Inflation, consumer prices (annual %)",United Kingdom,GBR,2005,2.0891364902507,,,1
FP.CPI.TOTL.ZG,"Inflation, consumer prices (annual %)",United Kingdom,GBR,2004,1.39039756680422,,,1
FP.CPI.TOTL.ZG,"Inflation, consumer prices (annual %)",United Kingdom,GBR,2003,1.37650038542013,,,1
FP.CPI.TOTL.ZG,"Inflation, consumer prices (annual %)",United Kingdom,GBR,2002,1.52040245947455,,,1
FP.CPI.TOTL.ZG,"Inflation, consumer prices (annual %)",United Kingdom,GBR,2001,1.53234960272418,,,1
FP.CPI.TOTL.ZG,"Inflation, consumer prices (annual %)",United Kingdom,GBR,2000,1.18295624210408,,,1
FP.CPI.TOTL.ZG,"Inflation, consumer prices (annual %)",India,IND,2025,2.39884954182294,,,1
FP.CPI.TOTL.ZG,"Inflation, consumer prices (annual %)",India,IND,2024,4.95303550973661,,,1
FP.CPI.TOTL.ZG,"Inflation, consumer prices (annual %)",India,IND,2023,5.64914318907925,,,1
FP.CPI.TOTL.ZG,"Inflation, consumer prices (annual %)",India,IND,2022,6.69903414079858,,,1
FP.CPI.TOTL.ZG,"Inflation, consumer prices (annual %)",India,IND,2021,5.13140747176364,,,1
FP.CPI.TOTL.ZG,"Inflation, consumer prices (annual %)",India,IND,2020,6.6234367762853,,,1
FP.CPI.TOTL.ZG,"Inflation, consumer prices (annual %)",India,IND,2019,3.72950573539123,,,1
FP.CPI.TOTL.ZG,"Inflation, consumer prices (annual %)",India,IND,2018,3.93882646691643,,,1
FP.CPI.TOTL.ZG,"Inflation, consumer prices (annual %)",India,IND,2017,3.32817337461305,,,1
FP.CPI.TOTL.ZG,"Inflation, consumer prices (annual %)",India,IND,2016,4.94821634062134,,,1
FP.CPI.TOTL.ZG,"Inflation, consumer prices (annual %)",India,IND,2015,4.90697344127249,,,1
FP.CPI.TOTL.ZG,"Inflation, consumer prices (annual %)",India,IND,2014,6.66565671867899,,,1
FP.CPI.TOTL.ZG,"Inflation, consumer prices (annual %)",India,IND,2013,10.0178784746104,,,1
FP.CPI.TOTL.ZG,"Inflation, consumer prices (annual %)",India,IND,2012,9.47899691419793,,,1
FP.CPI.TOTL.ZG,"Inflation, consumer prices (annual %)",India,IND,2011,8.9117933648336,,,1
FP.CPI.TOTL.ZG,"Inflation, consumer prices (annual %)",India,IND,2010,11.9893899204245,,,1
FP.CPI.TOTL.ZG,"Inflation, consumer prices (annual %)",India,IND,2009,10.8823529411764,,,1
FP.CPI.TOTL.ZG,"Inflation, consumer prices (annual %)",India,IND,2008,8.34926704907575,,,1
FP.CPI.TOTL.ZG,"Inflation, consumer prices (annual %)",India,IND,2007,6.37288135593231,,,1
FP.CPI.TOTL.ZG,"Inflation, consumer prices (annual %)",India,IND,2006,5.79652337561634,,,1
FP.CPI.TOTL.ZG,"Inflation, consumer prices (annual %)",India,IND,2005,4.24634362031924,,,1
FP.CPI.TOTL.ZG,"Inflation, consumer prices (annual %)",India,IND,2004,3.76725173477517,,,1
FP.CPI.TOTL.ZG,"Inflation, consumer prices (annual %)",India,IND,2003,3.80585899528853,,,1
FP.CPI.TOTL.ZG,"Inflation, consumer prices (annual %)",India,IND,2002,4.29715203929562,,,1
FP.CPI.TOTL.ZG,"Inflation, consumer prices (annual %)",India,IND,2001,3.77929312235637,,,1
FP.CPI.TOTL.ZG,"Inflation, consumer prices (annual %)",India,IND,2000,4.0094359104519,,,1
FP.CPI.TOTL.ZG,"Inflation, consumer prices (annual %)",Japan,JPN,2025,3.17253034260248,,,1
FP.CPI.TOTL.ZG,"Inflation, consumer prices (annual %)",Japan,JPN,2024,2.73853681635241,,,1
FP.CPI.TOTL.ZG,"Inflation, consumer prices (annual %)",Japan,JPN,2023,3.26813365933163,,,1
FP.CPI.TOTL.ZG,"Inflation, consumer prices (annual %)",Japan,JPN,2022,2.49770278172255,,,1
FP.CPI.TOTL.ZG,"Inflation, consumer prices (annual %)",Japan,JPN,2021,-0.233352779398264,,,1
FP.CPI.TOTL.ZG,"Inflation, consumer prices (annual %)",Japan,JPN,2020,-0.024995834027731,,,1
FP.CPI.TOTL.ZG,"Inflation, consumer prices (annual %)",Japan,JPN,2019,0.46877615938395,,,1
FP.CPI.TOTL.ZG,"Inflation, consumer prices (annual %)",Japan,JPN,2018,0.989094598021848,,,1
FP.CPI.TOTL.ZG,"Inflation, consumer prices (annual %)",Japan,JPN,2017,0.484199796126385,,,1
FP.CPI.TOTL.ZG,"Inflation, consumer prices (annual %)",Japan,JPN,2016,-0.127258844489754,,,1
FP.CPI.TOTL.ZG,"Inflation, consumer prices (annual %)",Japan,JPN,2015,0.795279630579839,,,1
FP.CPI.TOTL.ZG,"Inflation, consumer prices (annual %)",Japan,JPN,2014,2.75922671353253,,,1
FP.CPI.TOTL.ZG,"Inflation, consumer prices (annual %)",Japan,JPN,2013,0.335037912184741,,,1
FP.CPI.TOTL.ZG,"Inflation, consumer prices (annual %)",Japan,JPN,2012,-0.0440645104432602,,,1
FP.CPI.TOTL.ZG,"Inflation, consumer prices (annual %)",Japan,JPN,2011,-0.27245561610124,,,1
FP.CPI.TOTL.ZG,"Inflation, consumer prices (annual %)",Japan,JPN,2010,-0.728243207517779,,,1
FP.CPI.TOTL.ZG,"Inflation, consumer prices (annual %)",Japan,JPN,2009,-1.35283672951719,,,1
FP.CPI.TOTL.ZG,"Inflation, consumer prices (annual %)",Japan,JPN,2008,1.3800788616492,,,1
FP.CPI.TOTL.ZG,"Inflation, consumer prices (annual %)",Japan,JPN,2007,0.060039454498669,,,1
FP.CPI.TOTL.ZG,"Inflation, consumer prices (annual %)",Japan,JPN,2006,0.249355116079085,,,1
FP.CPI.TOTL.ZG,"Inflation, consumer prices (annual %)",Japan,JPN,2005,-0.282946068764391,,,1
FP.CPI.TOTL.ZG,"Inflation, consumer prices (annual %)",Japan,JPN,2004,-0.00857338820310272,,,1
FP.CPI.TOTL.ZG,"Inflation, consumer prices (annual %)",Japan,JPN,2003,-0.256541816316025,,,1
FP.CPI.TOTL.ZG,"Inflation, consumer prices (annual %)",Japan,JPN,2002,-0.923494026942321,,,1
FP.CPI.TOTL.ZG,"Inflation, consumer prices (annual %)",Japan,JPN,2001,-0.740055504162738,,,1
FP.CPI.TOTL.ZG,"Inflation, consumer prices (annual %)",Japan,JPN,2000,-0.676578683595175,,,1
FP.CPI.TOTL.ZG,"Inflation, consumer prices (annual %)","Korea, Rep.",KOR,2025,2.12309421458659,,,1
FP.CPI.TOTL.ZG,"Inflation, consumer prices (annual %)","Korea, Rep.",KOR,2024,2.32174328643542,,,1
FP.CPI.TOTL.ZG,"Inflation, consumer prices (annual %)","Korea, Rep.",KOR,2023,3.5974562502901,,,1
FP.CPI.TOTL.ZG,"Inflation, consumer prices (annual %)","Korea, Rep.",KOR,2022,5.08951365062842,,,1
FP.CPI.TOTL.ZG,"Inflation, consumer prices (annual %)","Korea, Rep.",KOR,2021,2.49833333333339,,,1
FP.CPI.TOTL.ZG,"Inflation, consumer prices (annual %)","Korea, Rep.",KOR,2020,0.537288023411737,,,1
FP.CPI.TOTL.ZG,"Inflation, consumer prices (annual %)","Korea, Rep.",KOR,2019,0.383000303608136,,,1
FP.CPI.TOTL.ZG,"Inflation, consumer prices (annual %)","Korea, Rep.",KOR,2018,1.47583935002645,,,1
FP.CPI.TOTL.ZG,"Inflation, consumer prices (annual %)","Korea, Rep.",KOR,2017,1.94433230786366,,,1
FP.CPI.TOTL.ZG,"Inflation, consumer prices (annual %)","Korea, Rep.",KOR,2016,0.971685739912168,,,1
FP.CPI.TOTL.ZG,"Inflation, consumer prices (annual %)","Korea, Rep.",KOR,2015,0.70633177245575,,,1
FP.CPI.TOTL.ZG,"Inflation, consumer prices (annual %)","Korea, Rep.",KOR,2014,1.27477446401322,,,1
FP.CPI.TOTL.ZG,"Inflation, consumer prices (annual %)","Korea, Rep.",KOR,2013,1.30134754547413,,,1
FP.CPI.TOTL.ZG,"Inflation, consumer prices (annual %)","Korea, Rep.",KOR,2012,2.18707104433314,,,1
FP.CPI.TOTL.ZG,"Inflation, consumer prices (annual %)","Korea, Rep.",KOR,2011,4.0259650043609,,,1
FP.CPI.TOTL.ZG,"Inflation, consumer prices (annual %)","Korea, Rep.",KOR,2010,2.93928652655686,,,1
FP.CPI.TOTL.ZG,"Inflation, consumer prices (annual %)","Korea, Rep.",KOR,2009,2.7564965449393,,,1
FP.CPI.TOTL.ZG,"Inflation, consumer prices (annual %)","Korea, Rep.",KOR,2008,4.67389655533408,,,1
FP.CPI.TOTL.ZG,"Inflation, consumer prices (annual %)","Korea, Rep.",KOR,2007,2.53457382137932,,,1
FP.CPI.TOTL.ZG,"Inflation, consumer prices (annual %)","Korea, Rep.",KOR,2006,2.24234028518921,,,1
FP.CPI.TOTL.ZG,"Inflation, consumer prices (annual %)","Korea, Rep.",KOR,2005,2.75379162735039,,,1
FP.CPI.TOTL.ZG,"Inflation, consumer prices (annual %)","Korea, Rep.",KOR,2004,3.59066298882578,,,1
FP.CPI.TOTL.ZG,"Inflation, consumer prices (annual %)","Korea, Rep.",KOR,2003,3.51487451459939,,,1
FP.CPI.TOTL.ZG,"Inflation, consumer prices (annual %)","Korea, Rep.",KOR,2002,2.76226210296599,,,1
FP.CPI.TOTL.ZG,"Inflation, consumer prices (annual %)","Korea, Rep.",KOR,2001,4.06657587897792,,,1
FP.CPI.TOTL.ZG,"Inflation, consumer prices (annual %)","Korea, Rep.",KOR,2000,2.25916580080157,,,1
FP.CPI.TOTL.ZG,"Inflation, consumer prices (annual %)",Saudi Arabia,SAU,2025,2.08420853585036,,,1
FP.CPI.TOTL.ZG,"Inflation, consumer prices (annual %)",Saudi Arabia,SAU,2024,1.68792112375809,,,1
FP.CPI.TOTL.ZG,"Inflation, consumer prices (annual %)",Saudi Arabia,SAU,2023,2.32708518362706,,,1
FP.CPI.TOTL.ZG,"Inflation, consumer prices (annual %)",Saudi Arabia,SAU,2022,2.47407371925372,,,1
FP.CPI.TOTL.ZG,"Inflation, consumer prices (annual %)",Saudi Arabia,SAU,2021,3.06328988941548,,,1
FP.CPI.TOTL.ZG,"Inflation, consumer prices (annual %)",Saudi Arabia,SAU,2020,3.37234961012303,,,1
FP.CPI.TOTL.ZG,"Inflation, consumer prices (annual %)",Saudi Arabia,SAU,2019,-1.19298644533328,,,1
FP.CPI.TOTL.ZG,"Inflation, consumer prices (annual %)",Saudi Arabia,SAU,2018,2.46594308994843,,,1
FP.CPI.TOTL.ZG,"Inflation, consumer prices (annual %)",Saudi Arabia,SAU,2017,-0.834845735027162,,,1
FP.CPI.TOTL.ZG,"Inflation, consumer prices (annual %)",Saudi Arabia,SAU,2016,2.05347076823965,,,1
FP.CPI.TOTL.ZG,"Inflation, consumer prices (annual %)",Saudi Arabia,SAU,2015,1.22269318552328,,,1
FP.CPI.TOTL.ZG,"Inflation, consumer prices (annual %)",Saudi Arabia,SAU,2014,2.24185348779063,,,1
FP.CPI.TOTL.ZG,"Inflation, consumer prices (annual %)",Saudi Arabia,SAU,2013,3.51104209799866,,,1
FP.CPI.TOTL.ZG,"Inflation, consumer prices (annual %)",Saudi Arabia,SAU,2012,2.86627029905053,,,1
FP.CPI.TOTL.ZG,"Inflation, consumer prices (annual %)",Saudi Arabia,SAU,2011,5.8262163739404,,,1
FP.CPI.TOTL.ZG,"Inflation, consumer prices (annual %)",Saudi Arabia,SAU,2010,5.33941733020905,,,1
FP.CPI.TOTL.ZG,"Inflation, consumer prices (annual %)",Saudi Arabia,SAU,2009,5.0572227614833,,,1
FP.CPI.TOTL.ZG,"Inflation, consumer prices (annual %)",Saudi Arabia,SAU,2008,9.87024816760266,,,1
FP.CPI.TOTL.ZG,"Inflation, consumer prices (annual %)",Saudi Arabia,SAU,2007,4.16782358431579,,,1
FP.CPI.TOTL.ZG,"Inflation, consumer prices (annual %)",Saudi Arabia,SAU,2006,2.20902314069647,,,1
FP.CPI.TOTL.ZG,"Inflation, consumer prices (annual %)",Saudi Arabia,SAU,2005,0.479231671630955,,,1
FP.CPI.TOTL.ZG,"Inflation, consumer prices (annual %)",Saudi Arabia,SAU,2004,0.5155078977673,,,1
FP.CPI.TOTL.ZG,"Inflation, consumer prices (annual %)",Saudi Arabia,SAU,2003,0.612195358172966,,,1
FP.CPI.TOTL.ZG,"Inflation, consumer prices (annual %)",Saudi Arabia,SAU,2002,0.247186492339686,,,1
FP.CPI.TOTL.ZG,"Inflation, consumer prices (annual %)",Saudi Arabia,SAU,2001,-1.12094804896791,,,1
FP.CPI.TOTL.ZG,"Inflation, consumer prices (annual %)",Saudi Arabia,SAU,2000,-1.12499838517645,,,1
FP.CPI.TOTL.ZG,"Inflation, consumer prices (annual %)",Singapore,SGP,2025,0.902998495002676,,,1
FP.CPI.TOTL.ZG,"Inflation, consumer prices (annual %)",Singapore,SGP,2024,2.38951123595017,,,1
FP.CPI.TOTL.ZG,"Inflation, consumer prices (annual %)",Singapore,SGP,2023,4.83372362825798,,,1
FP.CPI.TOTL.ZG,"Inflation, consumer prices (annual %)",Singapore,SGP,2022,6.13095418919732,,,1
FP.CPI.TOTL.ZG,"Inflation, consumer prices (annual %)",Singapore,SGP,2021,2.31610315765146,,,1
FP.CPI.TOTL.ZG,"Inflation, consumer prices (annual %)",Singapore,SGP,2020,-0.172111865925382,,,1
FP.CPI.TOTL.ZG,"Inflation, consumer prices (annual %)",Singapore,SGP,2019,0.567829988405447,,,1
FP.CPI.TOTL.ZG,"Inflation, consumer prices (annual %)",Singapore,SGP,2018,0.438784215129623,,,1
FP.CPI.TOTL.ZG,"Inflation, consumer prices (annual %)",Singapore,SGP,2017,0.576763191179996,,,1
FP.CPI.TOTL.ZG,"Inflation, consumer prices (annual %)",Singapore,SGP,2016,-0.529809760375464,,,1
FP.CPI.TOTL.ZG,"Inflation, consumer prices (annual %)",Singapore,SGP,2015,-0.521975611895763,,,1
FP.CPI.TOTL.ZG,"Inflation, consumer prices (annual %)",Singapore,SGP,2014,1.03316955857629,,,1
FP.CPI.TOTL.ZG,"Inflation, consumer prices (annual %)",Singapore,SGP,2013,2.36439793742726,,,1
FP.CPI.TOTL.ZG,"Inflation, consumer prices (annual %)",Singapore,SGP,2012,4.58084479423094,,,1
FP.CPI.TOTL.ZG,"Inflation, consumer prices (annual %)",Singapore,SGP,2011,5.25115624639373,,,1
FP.CPI.TOTL.ZG,"Inflation, consumer prices (annual %)",Singapore,SGP,2010,2.82884527612958,,,1
FP.CPI.TOTL.ZG,"Inflation, consumer prices (annual %)",Singapore,SGP,2009,0.589142019610516,,,1
FP.CPI.TOTL.ZG,"Inflation, consumer prices (annual %)",Singapore,SGP,2008,6.63544058395309,,,1
FP.CPI.TOTL.ZG,"Inflation, consumer prices (annual %)",Singapore,SGP,2007,2.10980166714574,,,1
FP.CPI.TOTL.ZG,"Inflation, consumer prices (annual %)",Singapore,SGP,2006,0.965657519018511,,,1
FP.CPI.TOTL.ZG,"Inflation, consumer prices (annual %)",Singapore,SGP,2005,0.425106276569107,,,1
FP.CPI.TOTL.ZG,"Inflation, consumer prices (annual %)",Singapore,SGP,2004,1.66272719863072,,,1
FP.CPI.TOTL.ZG,"Inflation, consumer prices (annual %)",Singapore,SGP,2003,0.507905300237551,,,1
FP.CPI.TOTL.ZG,"Inflation, consumer prices (annual %)",Singapore,SGP,2002,-0.391676866585049,,,1
FP.CPI.TOTL.ZG,"Inflation, consumer prices (annual %)",Singapore,SGP,2001,0.997197956155943,,,1
FP.CPI.TOTL.ZG,"Inflation, consumer prices (annual %)",Singapore,SGP,2000,1.36162392448456,,,1
FP.CPI.TOTL.ZG,"Inflation, consumer prices (annual %)",United States,USA,2025,,,,1
FP.CPI.TOTL.ZG,"Inflation, consumer prices (annual %)",United States,USA,2024,2.94952520485207,,,1
FP.CPI.TOTL.ZG,"Inflation, consumer prices (annual %)",United States,USA,2023,4.11633838374488,,,1
FP.CPI.TOTL.ZG,"Inflation, consumer prices (annual %)",United States,USA,2022,8.00279982052121,,,1
FP.CPI.TOTL.ZG,"Inflation, consumer prices (annual %)",United States,USA,2021,4.69785886363742,,,1
FP.CPI.TOTL.ZG,"Inflation, consumer prices (annual %)",United States,USA,2020,1.23358439630629,,,1
FP.CPI.TOTL.ZG,"Inflation, consumer prices (annual %)",United States,USA,2019,1.81221007526021,,,1
FP.CPI.TOTL.ZG,"Inflation, consumer prices (annual %)",United States,USA,2018,2.44258329692817,,,1
FP.CPI.TOTL.ZG,"Inflation, consumer prices (annual %)",United States,USA,2017,2.13011000365961,,,1
FP.CPI.TOTL.ZG,"Inflation, consumer prices (annual %)",United States,USA,2016,1.26158320570536,,,1
FP.CPI.TOTL.ZG,"Inflation, consumer prices (annual %)",United States,USA,2015,0.118627135552451,,,1
FP.CPI.TOTL.ZG,"Inflation, consumer prices (annual %)",United States,USA,2014,1.62222297740817,,,1
FP.CPI.TOTL.ZG,"Inflation, consumer prices (annual %)",United States,USA,2013,1.46483265562717,,,1
FP.CPI.TOTL.ZG,"Inflation, consumer prices (annual %)",United States,USA,2012,2.06933726526067,,,1
FP.CPI.TOTL.ZG,"Inflation, consumer prices (annual %)",United States,USA,2011,3.156841568622,,,1
FP.CPI.TOTL.ZG,"Inflation, consumer prices (annual %)",United States,USA,2010,1.6400434423899,,,1
FP.CPI.TOTL.ZG,"Inflation, consumer prices (annual %)",United States,USA,2009,-0.355546266299747,,,1
FP.CPI.TOTL.ZG,"Inflation, consumer prices (annual %)",United States,USA,2008,3.839100296651,,,1
FP.CPI.TOTL.ZG,"Inflation, consumer prices (annual %)",United States,USA,2007,2.85267248150138,,,1
FP.CPI.TOTL.ZG,"Inflation, consumer prices (annual %)",United States,USA,2006,3.22594410070404,,,1
FP.CPI.TOTL.ZG,"Inflation, consumer prices (annual %)",United States,USA,2005,3.3927468454955,,,1
FP.CPI.TOTL.ZG,"Inflation, consumer prices (annual %)",United States,USA,2004,2.67723669309172,,,1
FP.CPI.TOTL.ZG,"Inflation, consumer prices (annual %)",United States,USA,2003,2.27009497336115,,,1
FP.CPI.TOTL.ZG,"Inflation, consumer prices (annual %)",United States,USA,2002,1.58603162650601,,,1
FP.CPI.TOTL.ZG,"Inflation, consumer prices (annual %)",United States,USA,2001,2.82617111885407,,,1
FP.CPI.TOTL.ZG,"Inflation, consumer prices (annual %)",United States,USA,2000,3.37685727149929,,,1
